fname,summary
test_0,"더슨 씨는 이메일과 공식 메모로 메시지 전달을 금지하고, 위반 시 직무 정지를 경고한다."
test_1,"#와와 #는 교통 체증에 걸렸고, #는 대중교통 이용을 제안했다. #는 자전거 출퇴근을 제안했다."
test_2,"케이트는 마샤와 히어로의 이혼 신청에 대해 이야기하며, 새해 초에 이혼이 확정될 것이라는 믿음을 공유한다."
test_3,  #브라이언은 브라이언의 생일을 축하하기 위해 파티를 즐긴다. #라이언은 그녀의 목걸이가 드레스와 잘 어울리길 바란다.                                   
test_4,"#와스타디움은 올림픽 스타디움에 위치하며, #OP는 ##스타디움에서 5000개의 좌석을 볼 수 있다고 언급함."
test_5,"사업 계획서 작성, 투자자 모집, 자기 사업 결정, 요약문 포함, 상품/서비스 소개 및 설명"
test_6,#다니의 수두 의심으로 #마는 #마 감염을 걱정하며 오트밀 목욕을 결정한다.
test_7,  세탁 서비스를 비용을 지불하지 않고 세탁 서비스 비용 일부를 추가한 것에 대해 사과한다.                                                     
test_8,  #마크븐은 #Dren의 불륜에 대해 사과하고 #den에게 그녀에게 영원히 충실할 것이라고 맹세할 것이다.                                         
test_9,"  #이즈 씨는 ## 링컨과 에이브러햄 링콘, 그리고 위대한 비전을 가지고 있는 위대한 지도자인 링크를 만나고 싶어합니다. # #                                       "
test_10,  허베이가 중국 북부에서 심각한 모래폭풍이 일어나고 있다고 한다.                                                       
test_11,"프란시스는 생일 파티에서 리모컨 자동차를 선물로 받았으며, 항상 자신을 위해 최고의 것을 갖고 싶어합니다."
test_12,"스티븐이 부정행위로 토니에게 큰 실수를 인정, 토니는 스티븐을 끔찍하게 여긴다."
test_13,  톰 부부는 #PD에게 아홉시 10분 전에 기차를 타야 한다고 말한다.                                                   
test_14,"#와 #는 #의 삶을 조정하기 위해 매일 아침 운동을 제안하며, #이는 아직 젊고 세상에 기여할 수 있다고 생각합니다."
test_15,"루오지아는 결혼 소식을 트위터에서 접하고 파티 참석을 원하며, 이메일 확인을 권유한다."
test_16,  #나와가 #와 #의 친구를 말하는 것이 잔인하다고 생각한다. #과 #는 서로 친구가 될 수 없다.                                             
test_17,  #와크는 마이크에게 누나의 외모에 대해 묻는다. 마이크는 누나가 친절하고 사교적이지만 자만심이 크다고 말한다.                                       
test_18,"#가가 두통을 호소하자, #는 #의 부모님께 연락할 것을 제안하고, #은 #이 아프면 #에게 전화할 것을 요청한다."
test_19,  새로운 휴대폰을 사고 싶어합니다.                                                               
test_20,프랭크와 주디는 정부의 우수한 건강보험 혜택으로 인해 새로운 일자리를 얻었다.
test_21,#이씨는 컴퓨터 프로그램 작성 및 비서 기술 자격증 취득. #씨는 #씨에게 IBM-PC 및 사무용 기기 조작 능력 소개.
test_22,  이 스테이크는 미디엄 레어를 주문했지만 너무 익혀져 있고 질긴 것 같다고 불만을 토로한다.                                             
test_23,  톰은 소설이 노벨상을 받았다는 소식을 듣고 놀라워한다.                                                        
test_24,#와 #는 자동차 디자인 전공과 재료 강도와 부식 저항성 연구에 대한 업무 경험을 공유합니다.
test_25,"#와와 #라는 일주일에 몇 번 술을 마시며, 보통 10잔은 마실 수 있다고 말한다. #가는 보통 특별 할인이 있는 에비뉴에 가서 피처맥주를 5달러에 팔고, 맥주를 좋아하지 않으면 칵테일을 추천한다. #나는 #가에 가서 #가 내일 밤에 같이 나가기로 결정한다."
test_26,"다니엘은 엄마에게 피크닉 준비를 도와달라고 요청했고, 엄마는 모든 것들을 거실로 가져다 주는 것을 도와주기로 했다."
test_27,"뮤리엘 더글라스씨는 제임스와 수잔 김의 새로운 계정에 대해 이야기하며, 제임스는 타호에서 스키를 타는 것을 선호하고, 그의 아내는 따뜻한 휴가를 좋아하지 않는다고 언급한다."
test_28,바보 같은 여자인 기계가 #키를 눌러 인출 금액을 입력하도록 도와준다. 기계의 도움으로 10000 달러를 이체할 수 있다.
test_29,  #와는 소통에서 가장 중요한 것은 진심이라고 생각합니다.                                                        
test_30,"#P는 탄산음료 한 병을 사려 하지만, #는 한 병만 사달라고 요청한다. #는 #를 설득하여 #의 지갑에 달러가 네 개밖에 없음을 알게 된다."
test_31,  모니카가 재무 보고서를 언제 작업할 수 있을지 궁금해지고 있다.                                                       
test_32,  다음 주에 있는 면접을 준비하기 위해 워크숍을 듣고 있다. 면접 수업에서 면접관들은 항상 답변에 솔직해야 한다.                                      
test_33,마이크와 컷은 분위기 불일치로 재시작 결정. 마이크는 제이슨과 로라의 반응이 분노와 슬픔이 아닐 것으로 추측.
test_34,"  토드 부인은 아내가 쇼핑하러 가려고 기다리고 있고, 제인과 제인은 그녀를 방문하고 싶어한다.                                           "
test_35,"빌은 이번 주에 매일 밤 10시까지 일한 후 일찍 쉬고 싶어하지만, 동생이 아직 돌아오지 않았습니다."
test_36,"클레오와 사이먼은 내일 핵무기 확산 막기 위한 시위에 대해 이야기하며, 클레오는 평화로운 시위일 것이라 확신한다."
test_37,  예상하지 못한 사람을 절대로 들여보내면 안 됩니다.                                                   
test_38,"매기는 매기의 노트를 빌리고자 하며, 도서관에서 복사를 부탁하고 함께 공부할 사람을 찾는다."
test_39,"터너 교수님이 다음 학기에 고급 지질학 과목을 다시 강의할 예정이며, 학점을 쉽게 받으려는 학생이 아닌 경우 등록을 허락합니다."
test_40,  #와펜던트가 부러졌습니다. #FC는 #사에게 새 펜던트를 교체해달라고 요청합니다.                                        
test_41,"#IAOP는 #POP 스웨터에 불만, #PR은 #OP의 수다에 불만, #PS는 살즈베리 씰즈에 불만."
test_42,"팀은 미디어과 미디어 쪽에서 일하는 것을 선호하며, 뉴스 감독보다 컴퓨터 작업을 더 좋아한다."
test_43,#와 #는 #J의 지루한 연설 대신 신문과 음악을 이용해 스스로 재밌게 할 방법을 찾는다.
test_44,"사라는 오래된 집을 구매하려 하며, 이웃들의 상호 부조를 긍정적으로 생각한다."
test_45,브리튼 비즈니스 센터의 정보 담당관 마크 리치가 런던의 '만나는 사람들'에 방문하여 직접 관광 정보를 제공합니다.
test_46,"루시는 영어를 좋아하지만, 낸시는 수학을 어려워한다."
test_47,제임스는 토마스 부인의 부탁으로 그녀의 개 오스카를 산책시키기로 한다.
test_48,  밤에는 여전히 매우 춥습니다. 가게는 ##에게 에어컨을 켜고 더운 바람을 불어넣어야 한다고 조언합니다.                                       
test_49,"마이크는 마이크에게 더 많은 분노를 원하며, 제이슨과 로라의 반응이 분노와 슬픔의 혼합이라고 생각하지 않는다."
test_50,  프렌드십 호텔이 가까워지기 때문에 택시를 기다리는 데 도움을 줍니다.                                              
test_51,#가 #와 #는 돈이 없어 다른 버스를 타야 함. #과 #은 #의 집에 가는 방법을 몰라 환승을 요청함.
test_52,  가게에서에서 시내까지 차로 15분 정도 걸린다.                                                    
test_53,"  루루와 빅이 헤어졌고, 루루가 전근을 요청했다.                                                 "
test_54,  샐리는 데이브 톰슨에게 짐이 아직 돌아오지 않았다고 말한다. 그녀는 나중에 다시 전화할 것이다.                                         
test_55,  시청에 가는 방법은 세 블록을 걸어 2번가까지 가서 센터 스트리트로 좌회전하고 왼쪽에 시청이 보일 것이다.                                     
test_56,  신발 매장에서 여권을 잃어버려 분실물 신고서를 작성하는 데 어려움을 겪고 있다.                                             
test_57,나다니엘은 콜린스 선생님의 부재로 리우 씨와의 약속을 잡기 위해 전화를 요청한다.
test_58,  사라는 그녀가 딕 이외의 남자와 결혼하지 않겠다고 말했을 때 기절할 뻔했다.                                           
test_59,"맥주, 음악, 섹시한 여자들로 파티가 성공적이라고 생각하는 반면, 제니스는 사랑에 빠진 것 같다고 생각한다."
test_60,"  잭은 정치학 수업이 가장 좋았다고 생각하지만, 상위권에는 들어가보지 못한다.                                              "
test_61,"베이징의 어젯밤 폭풍으로 먼지 문제가 해결되었으며, 수년간의 조림 노력에도 불구하고 여름에는 여전히 먼지가 존재한다."
test_62,  오늘 밤에 영화 보러 갈래인인 #와 #는 공포 영화를 좋아하지만 #가 전쟁 영화를 보고 싶어할 것이라고는 상상도 못했다.                                   
test_63,  아담이 학교 구경하러 왔다. 그는 학교 건물의 가장 높은 건물에 대해 소개한다.                                            
test_64,  ##가 #가와 #가를 임신하고 #가는 #가 아빠가 될 것이라고 말한다. #가가 #가에 행복해한다.                                              
test_65,"# 통신은 #P와 #I의 궁합을 좋게 평가하며, #IA는 #A를 이상적인 남녀 커플로 여깁니다."
test_66,  소프트웨어에 페인팅 프로그램을 추가하고 CD-ROM 드라이브를 추가하는 것을 추천한다.                                                    
test_67,"#나와씨는 중국 출신, #라는 멕시코인. #나는 #가 젊어 보이고 해외 비즈니스 한다고 생각. #마는 #마의 콜롬비아 혈통 좋아함."
test_68,"  식단 조절을 해봤지만 전혀 효과가 없었으므로, 그는 운동 수업에 가기로 결정했다.                                                    "
test_69,  식당에 8인 룸을 원해왔지만 현재 이용하지 않는다. 제임스는 창가 테이블을 추천한다.                                                 
test_70,#와쇼디는 2500제곱미터 공장에서 세 교대 조립 라인 생산을 운영합니다.
test_71,레베카 님은 대학 졸업 후 첫 직장이었던 지역 신문사 요크 헤럴드에서 2006년까지 지역 뉴스 기자로 근무했습니다.
test_72,#와 #는 그룹 발표를 위해 문구점에서 쇼핑 목록을 만들기로 결정합니다.
test_73,메리는 인력시장 방문에 에너지를 많이 소비하므로 인터넷 구직 고려. 이메일 이력서 제출 및 채용 사이트 구직 정보 게시 가능.
test_74,#와 ##는 # #의 예산 계획에 대해 #에게 청구서를 내야 한다고 말한다. #는 한 달에 $300만을 절약할 수 있을 것이라고 생각한다.
test_75,"헨리는 수잔을 만나기 위해 병원으로 가는 중이며, 제인 올리버는 13번 버스를 타라고 안내한다."
test_76,브라운은 내년 판매 예측에 대해 논의하고자 했으나 스프레드시트 설정에 어려움을 겪었다. 브라운은 다음 주 화요일 오후 2시 30분에 만나기로 결정했다.
test_77,뉴욕 첫 방문 시 투어 가이드가 없어 '뉴욕의 친구' 서비스 추천.
test_78,"잭슨 씨는 상하이 지사에서 근무를 희망하며, 현재 월급 2,000 위안, 3개월 후 성과급 인상, 복리후생 혜택을 받고 있다."
test_79,"#와날은 계약서 준비 지연을 우려하며, #서가 오늘 중으로 받을 수 있도록 신속한 처리를 요청함."
test_80,"  ABC 렌트카 회사가 나이아가라 폭포로 가기 위해 차를 빌렸지만, 국경 근처에서 차량 사고가 났다.                                                "
test_81,  학교가 # 클리닉으로 어떻게 가야 하는지 알려줍니다.                                                             
test_82,"엘리베이터 소음 때문에 문을 닫기로 결정, 여분의 방이 없어 잠글 수 없음."
test_83,"우 씨는 베이징 호텔에 도착하여 짐을 트렁크에 넣어달라고 요청하고, 오늘 저녁 연회에 참석할 예정입니다."
test_84,  리우 이창에서 길을 잃었습니다. #와우는 지도에서 어디에 가야 하는지 알려줍니다.                                                     
test_85,"빌딩은 리 씨에게 조언을 구했지만, 리 씨는 컴퓨터 문제로 도움을 줄 수 없었다. 브라운은 수리공에게 전화하는 것을 제안했다."
test_86,"#와 어머니가 어머니 생신을 위해 선물을 고르는데, #는 목걸이를, #는 작은 금 시계를 추천합니다. #는 시계가 화려하다고 생각하지만, #는 그것을 좋아합니다."
test_87,"피셔 씨가 로스 씨에게 직접 만나러 왔고, 로스 씨는 뉴질랜드 지사 개소를 알리며 토요일 뷔페를 준비한다."
test_88,"캐나다인들은 러시아인들에 비해 더 차분하고, 정부는 문제 해결과 기술 활용에 능숙합니다."
test_89,"#와가 올해 휴가 동안 카리브해로 여행을 계획 중이며, #나이는 작년에 방문했지만 날씨가 좋지 않았던 경험이 있습니다. #나와이는 자메이카와 케이맨 제도에 머물렀습니다."
test_90,엄마는 소풍에 가져갈 과일로 오렌지와 바나나 대신 포도나 사과를 제안한다.
test_91,  #와가 내일 아침에 소형차 렌트 비용과 운전 면허증을 신청할 예정입니다.                                                      
test_92,"  엘리베이터 안에 있을 때 미소를 짓는다면, 다른 이용자들을 불편하게 만들 수 있다.                                                        "
test_93,마지막 이사회에서 #와 판매 리뷰가 진행되었습니다. #는 #에게 #의 연간 판매와 월리스 회장 취임 이후 성과 향상을 언급했습니다. #은 #이 최고의 판매자가 된 것을 축하했습니다.
test_94,"#챔피언가 가방 분실 후 #라에게 도움 요청, #라와 #라라를 거쳐 #라스에게 버스 요청."
test_95,"스티븐과 린은 베이징의 음식 문화에 대해 이야기하며, 서비스 요금과 팁에 대한 관행을 공유한다."
test_96,  빌은 룸메이트 브레인 로커에 대해 알아보았다.                                            
test_97,  톰 윌슨이 ##에게 청구서를 지불하고 있다고 말한다. 그녀는 호텔 서비스와 식사비를 포함하여 총 660달러를 지불할 수 있다.                            
test_98,캐롤린 수잔이 샤워 중인데 중요한 일인지 물어봐달라고 요청한다. #라는 #가 #의 파티가 오늘 밤 8시 30분에 질의 집에서 열릴 것이라고 말한다. #는 #에게 디저트를 가져오라고 한다.
test_99,  #나와 챔피언은 커먼 헬스장에서 일하셨고 #챔피언은 팝콘과 소다를 판매하셨던 # 챔피언을 다른 사람과 혼동한 것에 대해 사과합니다.                       
test_100,#트 트럼프 재임에 대한 우려와 #트 지지에도 불구하고 #트의 미국 위대화에 대한 확신 부족.
test_101,  #가ATM을 사용해야 하는데 #와 #는 사용법을 모르기 때문에 혼란스러워합니다. #과 #은 #의 옵션을 클릭하면 끝납니다.                        
test_102,  존이 비서에게 사무 절차에 대한 그 메모 어디 있는지 모른다.                                             
test_103,  릴리는 강가로 가서 둘러보고 저녁 식사를 할 것이다.                                                
test_104,  중국의 연에서 중국 테이블에서 식사하는 것은 독특한 경험이지만 현지인이 알려주지 않으면 절대 알 수 없는 규칙이 많다.                                  
test_105,"메리는 프랭크에게 여가 시간에 영화 감상을 즐긴다고 말하며, 그가 예술 영화와 스릴러를 좋아하고 영화관이나 무비 살롱에서 영화를 본다고 언급한다."
test_106,  압력 단체 그린피스의 회원인 그는 녹색당에 가입하고 싶지만 녹색당은 선거에서 이길 가능성이 없습니다.                                     
test_107,  윌슨 씨는 사과하고 샘플에 미치지 못하는 모든 상품을 교환하겠다고 약속한다.                                           
test_108,"  #오 강도를 보셨던 #와 #가 총을 들고 들어오는 것을 봤고, #는 #의 얼굴을 잘 보았다.                                 "
test_109,  #가가 #PD와 데이트를 하러 나가려고 한다. #OPD는 피자 주문하러 가자고 제안한다. ##Pod는 일주일에 한 번씩 피자를 주문할 것이다.                   
test_110,"캐롤은 새해 결심으로 다이어트를 시작하기로 결정하고, 식습관을 바꾸기 위해 음식들을 끊을 것이다."
test_111,카렌 후앙은 비교문학 287 수업에 등록하기 위해 터치톤 등록 시스템을 사용해야 합니다.
test_112,"  비가 꽤 오르기 때문에 오늘 우산을 깜빡하고 왔는지, 세탁하는지 물어봅니다. 세탁가는 함께 가자고 제안합니다.                                 "
test_113,"#C와 #는 잭의 새 차에 대해 이야기하며, #는 그 차가 가장 빠르다고 믿지만, #은 그 차가 레일 위에서 달리는 것처럼 코너를 돌아 달린다고 믿지 않는다."
test_114,  밤에 일어났 큰 불이 났다.                                                     
test_115,남편이 현금 계산 시 900위안만 가능해 가게 규정에 따라 전화로 영수증 요청.
test_116,"회사는 일반 세차 패키지를 원하며, 차량 외부 세차, 진공 청소, 쓰레기 제거, 내부 및 외부 창문 세차를 포함합니다."
test_117,"해리와 해리는 올해 휴가지를 논의 중이며, 해리의 아내는 이집트를 원한다."
test_118,존슨니는 새로운 회원으로 가입하고 기계 사용법을 배웠다. 트레이닝 카드를 발급받아 각 기계의 무게를 기록할 수 있다.
test_119,  회사가 문을 문을 닫아서 일자리를 잃었기 때문에 집세를 내기 위해 필요한 일이라면 무엇이든 할 것이다.                                       
test_120,"  강아지들에게 밥을 주고, 목욕을 시키고, 동물병원 예약이 있다는 것을 기억하고 있다.                                        "
test_121,"에이든은 집주인에게 200달러를 빚지고 있어 월요일까지 돈을 빌리고 싶어한다. 에이드는 20달러만 줄 수 있다고 말하며, #는 돈을 갚을 때까지 버틸 것이다."
test_122,"  버지는는 자선 단체에서 일했고, 그 경험을 통해 사랑, 동정, 평등 등 많은 것을 배웠다.                                    "
test_123,  명절이가에게 언제쯤 결정을 내려줄지에 대해 물어본다.                                             
test_124,  무탄은 전형적인 중국 요리를 주문하는 데 도움을 준다.                                              
test_125,  안젤라는 #젤라의 전화가 꺼져 있기 때문에 #펠라에게 메건을 데리러 가자고 요청한다. #젭라는 그녀를 데리기 위해 메건도 초대할 것이다.                     
test_126,"밀리는 디저트 시간에 그리스 요구르트와 바나나 튀김을 시도하고, 밀레는 티라미수를 제안하지만 밀리는 좋아하지 않습니다."
test_127,"  스미스 씨는 #27살에 경제학 학사 학위를 가지고 있으며, #28살의 나이와 다른 직장에서 일한 경험에 대해 물어본다.                            "
test_128,  #D로그는 조카를 위해 바비 인형을 사고 싶어합니다. #라는 #라의 제안에 따라 바비를 구매하기로 결정했습니다.                                    
test_129,  #와이드는 조던 스포츠 신발을 조금 더 싸게 구매할 수 있다.                                              
test_130,"  과학 박물관에 가고 싶지만 티켓 기계를 어떻게 사용해야 할지 모른다. #  

                                           "
test_131,"사이먼은 단계적 은퇴 프로그램에 참여하며 가족과 시간을 보내고, 회사는 은퇴자 웹사이트에 채용 공고를 올린다."
test_132,로키는 애정 많고 요구 충족 능력이 있는 외향적이며 차별 비판 없는 여자를 선호한다.
test_133,"#씨는 폭풍으로 창문이 깨진 후, #씨에게 폭풍을 싫어한다고 말하며 날씨에 대한 불평을 자제해야 한다고 생각합니다."
test_134,버지는와 버크는 TV 시청이 지루하고 다양한 활동이 부족하다고 생각한다.
test_135,벤은 내일 수업 준비에 대해 묻는다. 숙제 제출과 아침 독서 시간 20분을 위해 7시 30분 전에 도착해야 한다.
test_136,"애덤은 무릎이 나아졌지만, 토요일에는 던지기 연습만 할 예정이다. 그녀는 미시간에 대한 소식과 토요일 경기에서의 기대에 대해 알고 싶어한다."
test_137,  #와 프린터가 고장나서 #가 #를 위해 복사본을 출력해달라고 요청합니다. #는 #이 #을 더 잘 쓸 수 있다고 생각합니다.                             
test_138,"  # OP는 커튼을 걸고 싶어한다.   
는 #OPOP가 사다리만 잡고 있다고 생각한다.                                     "
test_139,  잭은 #와 #에게 모두에게 가장 적합한 주말이 언제인지 알고 싶어한다. #는 #의 일정을 확인해줄 것이다.                                       
test_140,"#는 #에게 화를 낸 것에 대해 사과하고, #이 아기를 임신한 것 같다고 말한다. #이는 #의 아기가 2월 첫 주에 훈련 세미나에 참석하러 외출했기 때문에 #이 임신했다는 것을 알게 된다."
test_141,"#와와 #라는 딸이 대학 결정에 어려움을 겪고 있다. #가는 #가 스스로 결정하도록 격려하고, #나는 #가가 #가와에게 조언을 제공하고자 한다."
test_142,"지니는 한 번의 실수로 직장을 잃지 않을 것이며, 부정직한 상사와 함께 일할 수 있다고 생각한다."
test_143,"#와와 #라는 에든버러 대학교의 박사과정 학생이 #의 연구실에서 강연할 예정이며, #는 #에게 멀티모달 텍스트 생성에 대해 이야기할 것이다."
test_144,"#와 존은 집에서 쉬기로 결정, #빈의 제안 거절. 존의 동료가 아프기 때문에 감염 우려."
test_145,  파버 씨가 요크 호텔에 전화를 걸어 3박 동안 싱글 룸을 예약하고 싶어한다.                                           
test_146,"존 고드프리는 웨스트 더비를 추천하며, 저렴한 단칸방과 연립 주택을 원하지만 다른 사람들과 함께 한 집을 공유할 수 없어 일주일 동안 그의 전화번호를 알려줄 것입니다."
test_147,  #와은 경찰이 길을 물어보자고 제안했을 때 운전하고 있던 사람이 없었기 때문에 모든 잘못을 나한테 돌리고 있다.                                      
test_148,댄은 9월 10일 컴퓨터 주문에 대해 공장 인력 부족을 알리기 위해 스티브에게 전화했습니다.
test_149,  워싱턴 포스트 복사본이 있다. ## # #은 이 신문이 언제 창립되었는지 알아내고 워싱턴의 발전에 관한 책을 소개한다.                                   
test_150,  #와가 컴퓨터에 어떤 종류의 바이러스가 침투한 것 같다고 생각하고 이메일 용량을 초과한 이메일을 압축해서 보내기로 결정했다.                                
test_151,  니와와 그의 가족은 멋진 주말을 보냈습니다.                                                    
test_152,  햄버거나 중국 음식을 먹을 수 있고 판다 익스프레스에서 음식을 사올 수도 있다.                                           
test_153,  톰은 한스 가구점에서 판매 직원 자리를 다른 사람에게 제공하기로 결정했다.                                                
test_154,   씨는 벌써 열 번째 전화입니다. 그녀는 체포될 것입니다.                                                   
test_155,"클래식 음악을 좋아하는 음악 선생님 지망생으로, 음악과 예술 분야의 학사와 석사 학위를 가지고 있습니다. 클래식은 두뇌에 좋고, 사람의 감정과 성격에 영향을 준다고 생각합니다."
test_156,이웃과의 관계에 대해 고민하는 #에게 #은 #을 저녁 식사에 초대하고 ##에게 # #의 위치를 물어보라고 조언합니다.
test_157,"미렐라는 실리콘 밸리 회의 후, 경영진이 준 네 벌의 흰색 원피스를 입고 출근한다."
test_158,  #와는 자신만의 법률 사무소를 세우려 하고 있다. # 씨는 # 씨에게 도움의 손길을 요청한다. # 씨가 감사하게 받아들인다.                                  
test_159,  케이트 팀은 피터에게 어젯밤에 온라인에 있었는지 물어봤다.                                              
test_160,  배와 보트가 예전처럼 교통수단으로 중요하지 않다는 신문을 읽고 있다.                                                  
test_161,"앤디브와 패니브는 어젯밤에 잠을 잘 못 잤다. 앤디는 유령들을 쫓고 피를 원한다고 소리쳤고, 초콜릿 쿠키와 우유 한 잔을 줬는데도 다시 잠들기가 무서웠다."
test_162,"#와 #는 밴드 결성 중. #는 #가 힙합을 좋아해 #가 연주 가능하다고 생각. #는 'Ice Ice Baby'를 알고 있으며, 아이튠즈에서 그의 노래를 구매할 수 있다고 언급."
test_163,#OP팀이 #팀을 위해 저녁 강변 보트 투어와 생어 극장 공연을 예약합니다.
test_164,"챔피언의 신용카드 사용 결정, 사이즈 및 결제 방법 설명"
test_165,  블레이크 씨는 포스터 씨에게 훈련 매뉴얼을 내일 오후에 그의 사무실에 두도록 요청했다.                                             
test_166,"데이비드 브라운드는 롱아일랜드에서 솔트레이크시티까지 4박 5일 동안 운전하며, 현지 음식과 파이브 레이크 스트릭트, 월스트리트를 방문할 예정이다."
test_167,"파멜라는 비행기 탑승 시간을 재촉하며, 그녀의 안전을 기원하고 친구에게 감사를 표합니다."
test_168,  #와가 #라는 도시에서 가장 붐비는 거리가 어디인지에 대해 물어봅니다. #가는 #가에게 12번 버스를 타라고 조언합니다.                                   
test_169,"무슬림들의 메카 순례 중 사망사고 발생, 루르드에는 치유 장소 존재"
test_170,  나옵 학교가 길을 잃었기 때문에 도움을 청할 것입니다.                                                       
test_171,  기차 타고 가는 것이 좋을 것 같다고 생각한다. 기차에 앉아서 가는 게 훨씬 더 편안하다.                                              
test_172,"캐서린은 패스트푸드 인기 때문에 톰이 점심을 거른 것을 언급하며, 톰은 집에서 싸온 점심을 먹고 맥도날드나 KFC 같은 유명 브랜드가 미국 것이라고 생각한다."
test_173,  애피타이저와 윙을 주문하는 데 도움을 준다.                                                    
test_174,  #웰즈버거 주부가 #FCFC의 모든 재료를 넣을 것입니다.                                                 
test_175,"  커피를 내릴 때 #FC는 베이킹이 땡겨서 머핀을 만들고, 계란으로 반숙 계란을 만들어 준다.                                     "
test_176,  부인인들이 그랜드 호텔이 무엇인지 모르는데 그랜드 호텔에서 부인들을 모실 예정입니다.                                                  
test_177,  아이들이 미국 경찰이 어떻게 생겼는지 보여주고 싶어합니다.                                                         
test_178,  내일 빈 예약이 예약 완료된 #세 블록 떨어진 곳에 선셋 호텔이 있다.                                                 
test_179,#나 씨는 미국 비자 신청 시 복잡한 절차와 엄격한 대사관 심사로 어려움을 겪었다.
test_180,"앤은 피곤하지만, 크리스마스에게 내일 술집에서 만날 기회를 준다."
test_181,"메리는 온라인 쇼핑의 편리함과 시간 절약에 대해 언급하며, 온라인 은행 계좌 개설을 제안한다."
test_182,"  회계 과정에서 가장 기본적인 개념은 회계실체, 계속기업, 측정 단위이다.                                                  "
test_183,"제인과 피터는 여름에 시안으로 휴가를 가기로 결정했으며, 제인의 부모님을 초대하는 것을 고려하고 있다."
test_184,"#IP온라인과 #LS온라인에서 로맨스 영화 대여, ##온라인은 멤버십 카드 없음, #리그온라인은 회원 가입 지원"
test_185,  미스터 리를 찾으러 가는 소포 팬들에게 서명을 도와줍니다.                                                  
test_186,  공항이 폐쇄되어 내일 아침까지 비행기가 뜨지 못하므로 공항 호텔에서 객실을 준비해 놓았다.                                              
test_187,  지난주에 컴퓨터 때문에 도와주셨기 때문에 이번에는 보답을 하고 싶어합니다.                                                   
test_188,"#와 #가는 불면증에 대해 이야기하며, #는 요가나 이완 요법을 제안하고, #는 공부에 매진해야 한다고 말한다. #는 음악을 들어보라고 제안한다."
test_189,"#와는 구식 주방을 완전히 새롭게 꾸미고 싶어하며, 유행을 따르지 않으려 합니다."
test_190,  월터는 월터에게 새로 오신 우드 교수님에 대해 어떻게 생각하는지 물어봤다.                                              
test_191,"검사 결과가 명확하지 않아 추가 검사를 위해 #와의 상담 약속을 잡았지만, #이는 #에게 한 번 더 확인해보고 싶어합니다."
test_192,  엘리자 선생님은 마틴에게 다가오는 시험 준비에 대비하기 위해 돈 벌려고 일을 한다고 말한다. 그녀는 학생 복지 클럽에 대해 불평하지 않는다.                         
test_193,  특급으로 소포를 한국에 보내고 싶다.                                                 
test_194,"린다는 호텔 방에서 휴대폰을 잃어버려 호텔에 전화하고, 여동생에게 알리고, 빵집에 전화할 예정이다."
test_195,"  미국인 로스앤젤레스 출신 스튜어트 리는 지난 금요일에 왔고, 음료를 한 잔 더 가져다 줄 것입니다.                                   "
test_196,"#P 부사장은 여름방학 동안 휴식을 원하고, #민은 #민의 미래에 대해 고민할 것으로 예상한다."
test_197,  메리는 12번지의 정원 문이 잠겨 있어서 울타리를 뛰어넘어 문 쪽으로 갔는데 갑자기 거대한 개가 그를 향해 달려왔다.                              
test_198,  #나와늙은 나이에 변한 회사에 대해 묻는다. #는 새로운 기술을 배울 수 있게 도와주려는 회사의 회사가 좋다고 말한다.                                
test_199,  당좌예금 계좌를 개설하고 싶어하는 사람에게 사회보장번호와 신분증을 보여줍니다. 계좌는 이자를 지급하지 않아요.                               
test_200,"#중국 베이징 요리를 먹어보고 싶어하는 #에게 #가 광동 요리와 강소 요리, 베이징 오리 구이로 유명한 베이징 요리 전취덕 식당을 추천합니다."
test_201,"상사 질문에 대한 답으로, 배송이 느려 3개월이 걸릴 것으로 예상되며, 양모는 가능한 한 빨리 도착해야 한다."
test_202,  독서등을 깨뜨려서 미안한데 객실 번호를 알려줍니다.                                            
test_203,"  마케팅 계획에 목표는 더 젊은 소비자 집단에 호소하고, 그 목표와 일치하게 이미지를 재구성하는 것이다.                                      "
test_204,"  파리에서 니스로 기차를 타고 가고, 밀라노로 가며, 에든버러로 가서 축제에 참석할 계획이다.                               "
test_205,  지미 폭스씨는 중형 차량 예약을 위해 차량을 모두 예약했지만 컴팩트나 SUV를 원한다면 보험은 꼭 드려야 합니다.                              
test_206,  엄마와 아이가 공부방에서 일하고 있다는 것을 알리기 위해 카드 게임을 하고 있다. 엄마는 게임을 멈추고 엄마에게 경고한다.                                   
test_207,"  존스 씨는 오늘 오후 5시에 회계사와의 회의가 있고, 수요일에는 런던에서 회의를 할 예정입니다.                                    "
test_208,  지리 수업을 수업을 준비하고 있는 팀은 지도에 표시된 나라가 없기 때문에 세계의 대부분이 물로 덮여 있다고 생각한다.                                    
test_209,  금연 방을 예약한 리셉션 데스크가 담배를 피우고 싶어서 방을 바꾸고 싶어한다.                                      
test_210,  존 샘슨이 빌에게 젖은 페인트에 손대면 안 된다고 경고한다. 빌은 공지를 가져오러 창고에 갔다.                             
test_211,  벤은 엘라에게 전화를 걸어 엘라의 번호를 알려줍니다. 엘라는 벤에게 곧 다시 만날 수 있기를 바란다고 말합니다.                              
test_212,  빌어가 빌린다는 딕이 이탈리아에서 돌아온 후로 아팠다고 말한다. 그는 윌리엄 박사가 가능한 한 빨리 일할 수 있다고 했다.                             
test_213,"버지는드는 상사 통제 때문에 야근을 하고 있다고 말하며, #는 #과 #이 #에게 공정한 임금을 주도록 요구하는 법이 있다고 설명한다."
test_214,"리사는 남편이 마크와 통화한 사실을 알게 되었고, 처음에는 일하는 사람이라고 속였다는 것을 알게 되었다. 마크는 처음에는 변명을 했지만, 작은 실수를 인정했다."
test_215,  식단을 정리하라고 조언을 주셨다.                                                 
test_216,  #마는Gou는 #FC에 가야 한다고 말한다.Gu는 이 세상에서 가장 좋은 동반자가 되어 줄 것을 요청한다.                                
test_217,"  #와 도서관에서 책을 대출하거나 저널이나 잡지를 읽을 수 있고, 한 번에 두 권의 책을 빌릴 수 있다.                                 "
test_218,  날씨가 좋은 좋고 날씨가 좋다면 이번 주말에는 해변으로 가볼 수도 있다.                                           
test_219,  카메라를 압고하고 카메라를 돌려주어야 한다.                                                 
test_220,"대출 신청 시, 대출 원금의 일부와 연이율의 일부를 상환해야 하며, 신용 점수가 낮으면 개인 정보, 과거 대출, 자산 및 신용 점수 평가가 필요합니다."
test_221,"  모니카는 회의 때 발표가 매우 성공적이었고, 모두가 그의 연설에 감동했다고 말한다. 모니는 지난 주에 경제 전문가에게 상담했다.                            "
test_222,톰은 아침에 조깅을 위해 일찍 일어나서 달릴 예정이다.
test_223,"  레스토랑은셰프가 세트 코스로 인기 있는 일본 요리를 다양하게 제공하고, 저녁의 마지막 주문은 9시 30분에 시작할 예정입니다.                                "
test_224,  심슨 씨가 목요일에 점심 식사를 할 예정입니다.                                                              
test_225,고급스러운 세 별 레스토랑에서 그래마시 타번을 즐기세요.
test_226,"  가게에서 오리구이는 25불, 돼지고기는 25불을 내야 합니다.                                                          "
test_227,"골프와 탁구, 익스트림 스포츠의 인기 및 비용 문제 언급"
test_228,"  프리덤 여행사가 이번 달 23일에 헬싱키, 핀란드로 가는 비행기 예약을 도와준다.                                                  "
test_229,  내일 디리다로 날아가서 할머니를 방문할 예정인 그녀는 디즈니 월드에 데려갈 것이다.                                                    
test_230,  #와호주는 호주에 가 본 적 있지만 대장벽 산호초를 보고 싶어합니다.                                                       
test_231,"로라는 헬스장에 가는 중이다. 그녀는 운동하는 여성들이 남성들보다 많다고 생각하며, 운동과 즐거움을 위해 많이 걷는 편이라고 말한다."
test_232,"시카고 윌메트 출신으로 14살 때 이사, 링컨 고등학교 졸업 후 대학 진학. 유럽행 고민 중, 1995년 뮌헨 도착, 과거 11년."
test_233,  쇼핑 센터에서 정장을 샀지만 150달러 밖에 안 들었습니다.                                                            
test_234,"로빈이 앤에게 산호수 자전거 투어에 대해 설명하며, 앤은 매년 기록을 경신하며 참여한다. 평균 소요 시간은 7~9시간이다."
test_235,"  팀은 애퍼티프가 좋아 보이고, 컴파리를 흔들고 젓는 것을 추천한다. 팀은 싱거와 무알콜 칵테일을 시도해 볼 것이다.                                       "
test_236,"그레고리와 에릭은 점심을 함께 먹기로 하고, 번지 점프에 대해 이야기하며 에릭의 잃어버린 지갑에 대해 논의한다."
test_237,"#와는 제2차 세계 대전 정보를 찾으며, #D는 노르망디 상륙작전 웹사이트를 추천합니다."
test_238,"#와 #는 웨이트와 유산소 운동으로 근육 탄력과 몸매 향상을 계획하며, #는 #에게 스트레칭을 권하고 무게를 줄이도록 제안합니다."
test_239,"#와와 #는 캠퍼스 내 주차 공간을 찾고 있지만, #는 그날 아침 캠퍼스가 가득 찼는지 확신할 수 없습니다."
test_240,"수잔은 에밀리에게 FICA와 SUI Y 세금, 메디케어와 건강 보험 공제에 대해 질문하고, 에밀리는 이를 연방 보험 기여법(FICA)으로 설명한다."
test_241,"#는 기계 구매 방법을 묻고, #는 돈을 슬롯에 넣고 선택하라고 조언한다."
test_242,"#와와 #는 태국에 여자친구를 만나러 가며, #는 #와의 관계가 매우 친밀하다고 말한다. #는 인터넷이 상호작용을 빠르게 만들어서 사람들이 더 빨리 서로를 알게 된다고 생각한다."
test_243,"제임스는 새 가구와 장식을 위해 돈을 모았고, 새 커튼과 러그가 새 카펫 같다고 생각한다."
test_244,"빌은 아침 조깅, #FC는 점심시간 체육관 운동 필수"
test_245,"마르켓은 졸업 요건을 위해 과학 과목 수강을 주장하고, 마르스는 지도학 약점을 이유로 반대합니다."
test_246,"팀은 학교의 종이 사용량을 줄이고, 지역 농산물을 사용하는 등 친환경적인 삶을 실천할 방법을 논의한다."
test_247,"토니는 크리스마스 전 장난감 판매로 피곤해하며, 부모는 이를 끔찍하게 여긴다."
test_248,"수는 빌에게 생일 파티를 위해 만든 케이크를 먹으라고 권하고, 빌은 샐러드와 뜨거운 수프를 가져오라고 조언한다."
test_249,"패션 가게에서 여름 의류 20% 할인 중, #와 #는 #에게 어울리는 치마와 바지 제안."
test_250,  지난달에 예약한 예약 확인서 위조 때문에 이틀 동안 바빴습니다.                                                           
test_251,"#와와 #이는 부활절에 대해 이야기하며, #이준은 어른들이 부활절 달걀을 숨기는 동안 아이들은 집에서 기다린다고 말한다."
test_252,"토니는 부모님이 가끔 벌을 주겠다고 위협하는 나쁜 습관을 지적하며, 좋은 행동에 대한 보상을 제안한다."
test_253,"줄리와 알렉스의 결혼 예정. 줄리는 알렉스의 베스트맨과 대화하고, 친구 웬디의 이별 파티 참석을 신경 쓰지 않음."
test_254,  # 가 투표용지를 어디서 받아야 할지 모르겠다며 도움을 요청한다.                                                           
test_255,"회사의 인력 감축 예정, 조지는 아첨꾼, 앤디는 상사 시부모와 관련, 리사는 상사와 연애 중"
test_256,#나와2011년 중국 TV 시리즈 '중국 스타일 이혼'을 시청. #3%는 이혼이 빠르게 진행되는 경향에 대해 언급. #1%는 중국 독자 세대의 결혼에 대한 무지를 인정하지 않음.
test_257,  주디는 주디에게 교통비로 얼마나 많은 돈을 쓸지 계산해 보라고 말한다. 주디가 교통비를 절약하기 위해 유스호스텔을 선택하는 것을 제안한다.                     
test_258,  #와마가 제로드와 결혼했다고 농담하자 #가 놀라워한다. #는 놀라움을 금치 못한다.                                
test_259,"#와 #가 지갑을 잃어버려, #는 #에게 돈을 빌리러 가자고 제안한다. #은 #의 도움으로 #을 돕기로 결정한다."
test_260,  머피 뮤직과 U-튠즈가 합병한다는 뉴스가 있다.                                           
test_261,  조는 톰에게 새로운 비서를 만났지만 그다지 인상적이지 않았다고 말한다.                                         
test_262,사라가 회의를 방해해 효율성이 떨어짐. 사라와 올리버는 회의 효율성 향상을 위한 아이디어를 논의함.
test_263,"무슬림들은 메카 순례에서 신성한 돌 주위를 돌며, 루르드에서는 치유에 대한 믿음이 마음을 변화시켜 치유를 가져온다고 생각합니다."
test_264,테드는 마이크에게 제니에게 고백할 용기가 없다고 말하며 조언을 구한다.
test_265,  화가 날 때 화를 풀기 위해 어떤 것을 하시냐는 질문에 보통 먼저 진정하고 음악을 듣는 것이 좋은 방법이라고 말한다.                                
test_266,"  아빠는 뉴질랜드에 있는 가족에 대해 이야기하고 있다. 아빠의 삼촌 빌은 그의 아내와 두 딸이고, 사라는 사라의 큰 딸이 있다.                           "
test_267,"  스튜어트 씨는 우승자인 트로이에게 감사의 말을 전합니다. 트로이는 큰 경기에서 이겼고, 트로이가 결승선까지 달려가는 것을 봤습니다.                          "
test_268,"선생님 부부는 아이들과 아내를 위한 선물을 고르며, 선생님 씨는 #DENY 브랜드의 신발을 추천합니다."
test_269,  홍은 로밍 요금을 감당할 수 없으므로 현지 SIM 카드를 사용하기로 결정했다.                                    
test_270,"  브라운 씨는 한 달에 1,800 위안을 받는데, 이는 브라운 씨가 그녀의 능력과 경험에 따라 결정될 수 있기 때문입니다.                              "
test_271,  #와리는 배리를 좋아하고 #라는 폴을 좋아한다. #가는 #가 항상 새로운 사람들과 이야기하고 있어 #가를 낯을 가린다고 생각하지 않는다.                       
test_272,집을 사려는 올리비아는 파사디나나 아카디아의 중간 크기의 호수 근처 집을 선호한다.
test_273,  그랜트 씨는 샘플들을 남겨두고 가기로 결정했습니다.                                           
test_274,  PHS에서 Sons까지 가는 버스가 있나 올리고 #251번 버스를 타야 합니다.                                  
test_275,  이 씨는 워드 여사님이 집까지 태워드릴 것입니다.                                           
test_276,  아야 씨가 자켓을 벗고 셔츠를 입으라고 조언한다.                                        
test_277,"셸리는 카드를 잃어버렸고, IBA 직불 카드가 아니면 신용 카드를 찾을 수 없어 #셸리에게 FRCM 세부 사항을 문의합니다."
test_278,  #와 #가 잠 좀 자려고 하고 #는 #에게 전화기를 뽑아 놓으라고 제안한다. #가는 #가가 저녁에 음식을 요리하는 냄새를 맡을 것이라고 생각한다.                   
test_279,"  세트 메뉴 메뉴를 드시고 싶어서 선생님은 테이블을 내려주고, #빵은 소고기와 양파 한 잔을 주문합니다.                            "
test_280,"  식기와 먼저 식기를 가져오고, 그 다음에 줄을 서봅시다.                                         "
test_281,  루시는 스탠리에게 노래를 틀어달라고 요청한다.                                              
test_282,  딩은 영화 상영의 개념을 혁신해야 한다고 생각합니다.                                            
test_283,"  가벼운 것을색색과 노란색, 초록색이 어울리는 갈색 드레스를 추천한다.                                     "
test_284,"조슈아는 매주 토요일 아빠에게 용돈을 받는다. 아빠는 은행에 가고, 비밀 돈통에서 일부를 저금하고, 가난한 사람들에게 기부하고, 나머지는 책을 사는 데 사용한다."
test_285,  #와##는 ##의 생일 파티 초대장을 받았다.                                          
test_286,  #25우가 #22장짜리 한 권과 항공 우표가 담긴 소포를 우등 우편으로 보내고 싶어한다.                                 
test_287,"#와와 #는 중국 원춘에서 8.0 규모의 지진을 경험했다. #는 중국 사람들이 '구조'와 '지원'을 알고 있으며, 생명은 다른 어떤 것보다도 중요하다고 생각한다. #은 인간 간의 사랑은 지리에 영향을 받지 않는다고 믿는다."
test_288,"#와와 #는 고약한 날씨로 인해 장마가 곧 끝날 것으로 예상하며, 따뜻한 날씨를 기대합니다."
test_289,"#나와와 #라는 올림픽 기념품 가게에서 올림픽 마스코트를 구매하기로 결정했습니다. 그들은 #라가 좋아하는 인형 다섯 개를 세트로 판매하며, 여러 개 구매 시 할인을 제공합니다."
test_290,  #와는 #16인치 알루미늄 팬을 사고 싶어합니다. #라는 #라가 #라를 구매하고 뚜껑을 확인합니다.                               
test_291,  #와와 #라는 퇴근 후에 만나기로 결정했다.                                                
test_292,베커 씨는 워싱턴 공무원들의 업무 만족도를 높이기 위해 사무실 시찰과 급여 및 근로조건 개선을 제안한다.
test_293,피트는 헨리 존슨을 만나 베이징 생활과 노래방 계획을 묻는다.
test_294,"존스 선생님은 줄리에게 일주일 동안 수업 결석을 언급하며, 줄리는 식중독으로 인해 몸이 아팠다고 설명한다."
test_295,"마이크는 엄마가 바쁘므로 오늘 저녁에 친구들을 초대한다. 마이크와 엄마는 음료를 준비하고 설탕과 사과, 바나나를 사오기로 결정한다."
test_296,버스에서 베를린을 만나 긴 여행 중 버스 냄새와 옆자리 남자의 코골이에 대해 이야기하며 환경 보호에 대한 의지를 보인다.
test_297,  이 일을 맡게 되면 주말에도 일해야 합니다.                                                  
test_298,  에이미는 제니랑 빌이 빌을 소풍에 초대해서 집에 엄청 늦게 왔다. 빌은 베이하이 공원에 갔고 강가에서 점심을 먹었다.                          
test_299,피터 올리버는 정원에 물을 주며 #라이버와 차를 마시기로 한다.
test_300,  켄이 돌아오면 비상 회의를 소집해야 합니다.                                                 
test_301,  편지를 보내려면 먼저 무게를 재야 하고 등기로 보내야 한다.                                              
test_302,  스미스 씨는 항생제와 가려움증과 화상을 완화시키는 크림을 처방하는 의사를 만나고 있다.                                      
test_303,  중국의 예술과 공예품이 훌륭한 솜씨로 유명하기 때문에 가게에는 천 가지가 넘는 다양한 상품들이 있다.                                     
test_304,  구스타브 에펠탑이 세계에서 가장 높은 구조물로 기록되어 있다.                                            
test_305,  브라이언은 영어를 할 줄 모르지만 대학에서 배웠고 캘리포니아에 가본 적이 없다.                                        
test_306,"#챔피언어는 #이 한 시간 전에 도착했어야 한다고 말하며 #에게 걱정하지 말라고 하지만, #은 #이 아직 돌아오지 않았으므로 #을 걱정할 필요가 없다고 생각한다."
test_307,  # 가 #씨에게 일의 긍정적인 면을 보지 말라고 경고한다. #나는 #에게 경고하지만 #는 동의하지 않는다.                                
test_308,  #상 존이 일주일에 일곱 번 그녀와 데이트를 한다. #윌리엄은 #존이 바람의 징조라고 생각한다.                                
test_309,넬슨 기둥이 있는 웨스트민스터 대성당과 엘리자베스 1세 여왕의 스페인 아르마다 격퇴를 기대합니다.
test_310,  다니엘 올리버는 이번 학기에 몇 가지 새로운 과목을 추가했다. #브리지는 과학이 가장 좋아하는 과목과 과학에 관심이 있다고 말한다.                             
test_311,  베티가 아기를 위한 멋진 베이비 샤워를 준비해줘서 고마워한다. 베티는 칼라에게 놀이펜과 침대를 선물로 준다.                           
test_312,  #와 엄마는 #중국으로 관광하러 가고 싶어한다. #부인은 #부가 너무 바빠서 #부를 같이 갈 수 없다고 말한다.                               
test_313,  팀과 카렌 팀은 팀에게 언제 다시 만날지에 대해 이야기한다.                                             
test_314,  ## #와 #는 새로운 오토바이를 시도해보고 싶어한다. #은 #에게 자전거를 사고 싶어하지만 #이는 자전거가 더 안전하다고 생각한다.                          
test_315,"#와어는 간단한 대화와 영어, 프랑스어 능력을 가지고 있으며, #는 #의 영어 능력이 사무 업무에 충분하다고 생각한다."
test_316,  타일러네 입장은 나오미씨처럼 들리지만 앤디가 전화했다고 말한다. 그녀는 앤디에게 메시지를 전할 것이다.                                 
test_317,  뉴욕행 513편 비행기가 취소되었습니다. 비행기 예약은 내일 예약해야 합니다.                                         
test_318,"  버거퀸에서 점심 식사를 할 예정이다. 그들은 치즈버거, 프렌치 프라이, 마요네즈 소스, 그리고 튀김 음식에 대해 이야기한다.                         "
test_319,  #와가 #씨에게 초과 수하물 요금을 내야 한다고 말한다. #이는 #이가 취약한 물품 표시를 달아주는 것을 도와준다.                             
test_320,  소다는 목마름을 해소하지 못해 소다를 마시고 싶어한다.                                                 
test_321,  CEO인 그린 씨가 내일 오전 량 씨와 약속이 있었지만 내일의 일정에 약간의 변경이 생겼습니다.                                          
test_322,  신발은 사용하면서 약간 늘어납니다.                                                       
test_323,"벤자민은 프로젝트 보고서 작성에 어려움을 겪고 있으며, 연구 보고서 작성 경험이 있다. 그는 최종 결론에 대한 더 많은 세부 사항을 포함해야 한다고 주장한다."
test_324,  마티는는 해산물 피자와 도우를 얇게 해주는 얇은 도우로 구성된 대형 피자를 두 개 주문합니다. 마티의 주소는 holyrood 9A입니다.                         
test_325,"새우 칵테일, 토마토 수프, 양파 스테이크, 블랙 커피 주문. 가게는 계란 수프와 미네랄 워터 제안."
test_326,"  이 집은은 멋진 거실, 넓은 식당, 그리고 편안한 침실 3개가 있으며, 부엌과 화장실이 있다.                                         "
test_327,"#마는 소음이 없어야 한다는 박스에 대해 불평한 후, #마를 교환해 주겠다고 제안합니다."
test_328,"#와 #는 기숙사 보증금 문제로 아직 결정하지 못함. #과 #은 캠퍼스 밖에서 살 계획이지만, #의 성적 향상을 위해 조용한 공간이 필요할 수 있음."
test_329,"#트와 #트는 중고 서점에서 오래된 어린이 이야기 책을 발견하고, #나와 #나는 이 책을 사서 도서관에서 비슷한 이름을 찾아보기로 결정한다."
test_330,"  베이징의 레스토랑은 창가 옆 테이블을 보여주고, 메뉴를 주문하는 데 도움을 줍니다. 음식을 20분 후에 준비합니다.                                     "
test_331,#아들에게 등기 우편으로 편지를 보내서 수령 여부를 확인하려는 의도
test_332,  샐리와 존은 1월에 도시에 올 예정이다. 그들은 결혼 후 처음으로 서로를 방문하게 될 것이다.                                          
test_333,  장 씨는는 스스로 컴퓨터를 구입할 수 있는 날을 기대하고 있다.                                                  
test_334,"#나와어는 소풍을 원하지만, #어는 비가 올 것 같아 반대한다."
test_335,  컴퓨터에 대한 일반적인 정보를 찾고 싶어하는 #와 #는 참고자료실에서의 일반적인 정보 찾기에 대해 이야기합니다.                                        
test_336,"  #와가 프렌치 가든 레스토랑에서 #D에게 무엇을 주문할지에 대해 이야기합니다. #d는 참치, 주스, 콜라를 주문합니다.                                "
test_337,  #와가 ##에게 애피타이저와 베이비 백 립을 주문하는 데 도움을 준다.                                        
test_338,"  #와는 저녁식사와 함께 커피, 디저트 주문을 나중에 하기로 결정했습니다.                                             "
test_339,"  #와는 에릭이 #로또에 당첨되면 #는 세계 여행을 위한 티켓을 두 장 사고, #의 아빠는 #를 기절시키고 #을 강제로 입원시킬 것이다.                          "
test_340,  잭은 강아지 사진을 보고 싶어한다. #잭은 잭의 새 강아지를 좋아한다.                                            
test_341,"제인 이모는 톰에게 새 자전거를 사줬지만, 톰은 잘난 체하고 있다. 그녀는 톰의 자전거가 더 예의 바르다고 생각하며, 언젠가 큰 차를 사줄 계획이다."
test_342,  #와가 #나의 치마를 찾고 있습니다. #나는 #나를 도와줄 것입니다.                                               
test_343,"#D의 도시는 200년 전 작은 마을에서 주요 산업 중심지로 성장했으며, 성이 있어 오래된 역사를 가지고 있습니다."
test_344,"세계적으로 대기 오염 문제 해결이 시급하며, 이를 해결하지 않으면 대기 파괴가 우려된다."
test_345,"데니스 브라운은 채팅방에서 많은 시간을 보내며, 어제 100명 이상이 대화 요청을 했고, 그 중 한 명이 꿈에 그리던 여자친구였다고 밝혔다."
test_346,"네이선의 엄마는 시카고로 연습하러 가고, 큰 신문사에서 일하는 것에 대해 걱정하지 않는다. 그녀는 네이선이 경험을 쌓는 것도 중요하지만 사교적이라고 생각한다."
test_347,"  토요타 캐롤라를 빌리고 싶어하는 가게가 있다. 가게는 차의 색상을 선택할 수 있고, 신청서에 서명하고 셋째 날 정오에 반납해야 한다.                             "
test_348,"컬럼비아 대학교와 뉴욕 대학교 방문을 추천하며, #CUN 건물, UN 대학, 관광객 안내소를 들러보세요."
test_349,  김씨는 내일 필름을 현상해 줄 것이다.                                                       
test_350,"비행기 지연 안내 후, 폭우로 인한 지연 확인. 기상청은 정오 전 비 그칠 것으로 예상."
test_351,  이 지도에서 베이징 대학교가 어디에 있는지 알려주실 수 있는지 알게 됩니다.                                               
test_352,"날날의 일기 예보는 불확실하지만, 오늘은 맑고 따뜻하며, 내일은 흐리고 비가 올 것으로 예상됩니다. 스포츠 란과 경기 점수 정보가 제공됩니다."
test_353,"#트은 컴퓨터 게임을 싫어하지만, #와 #는 소년들이 컴퓨터 게임과 함께 자면 컴퓨터 사용법을 배울 수 있다고 생각합니다."
test_354,맥주 마시자는 제안과 운동장에서 노래하자는 제안이 대립한다.
test_355,"찐 새우, 닭발 주문, 하우스 레드 한 병 선택, 맥주나 와인 중에 무엇이 좋을지 문의."
test_356,이번 방학에 미국에서 온 외국인 관광객 그룹을 안내했습니다.
test_357,#  씨가 더블룸 예약 접수를 전화로 알림.
test_358,"질이 마크에게 데이비드 생일 파티 소식을 묻자, 마크는 빌이 어제 밤에 딸을 낳았고, 빌의 아내가 시가를 나눠줬다고 전한다."
test_359,"#1은 극장에 가자고 제안하지만, #2는 남편이 반대할 것 같아 동의하지 않는다. #3은 #2를 초대한다."
test_360,"볼티모어 승리 시, 맥주가 핫도그와 맥주를 제공한다."
test_361,#가 #의 친구처럼 #를 친절하게 도와준다.
test_362,석유 시추에 집중하는 우리나라는 천연자원을 활용하여 국가 발전을 위한 자금을 마련하고자 합니다.
test_363,예술 애호가인 그녀는 내일 국립 갤러리에서 열리는 조각 전시회에 참석할 예정입니다.
test_364,도서관이가님이 비디오 손상 시 벌금 부과를 언급함.
test_365,볼링 경험이 있는 #와 #는 #가 더 자세히 볼 것을 제안한다.
test_366,은행과 증권사 간 송금 가능한 새로운 서비스 논의
test_367,VISA 제시 후 보증금 지불로 체크아웃 가능
test_368,  파티에 몇 명이 오실 건가요?                                                                                
test_369,김씨는 내년 해외 유학을 위해 적합한 대출 정보를 얻고자 합니다.
test_370,영어 노래 찾기에 몇 분 더 소요될 수 있음.
test_371,신문사 글쓰기 경험과 직무 관심 이유에 대한 질문.
test_372,"잭은 면접 결과를 문의하는 것이 가장 좋은 방법이라고 생각하며, 고용주가 바쁠 수 있으므로 문의서를 간결하게 작성해야 한다고 생각한다."
test_373,#와의 인터뷰에서 #는 #이 나무에 매달린 것이 이삭을 깎는 시간이 부족해서라고 설명합니다. #나는 #가 #의 집을 방문할 수 있을 것이라고 생각합니다.
test_374,체크아웃 시간 임박에도 #FC는 신용카드 결제 요구
test_375,"브랜든은 새로운 웹사이트 가입을 시도하며 #Christen에게 무료 글쓰기 기술 향상을 요청하지만, #Declaren은 URL의 안전성에 의문을 제기하며 동생의 사기 피해를 우려한다."
test_376,교장은 재정난에도 불구하고 새로운 실험실 건물 건설을 계획하고 지방 정부에 지원을 요청할 예정이다.
test_377,헨리는 은행에서 받은 신용카드로 인해 소비가 쉬워져 기쁘다고 말한다.
test_378,스미스씨는 내일 방문할 베이징 교외의 두 산악 마을 중 어느 곳을 선호하는지 묻는다.
test_379,"벳은 아기를 가지게 되면서 목표나 꿈을 이루는 데 방해가 되었다고 생각하지만, 딸을 가지는 것 중에서 가장 좋아하는 부분과 미래의 계획에 대해 이야기합니다."
test_380,"루이는어는 9년간 사랑했으며, 1840년 영국에서 발행된 첫 우표에 퀸 빅토리아의 사진이 그려져 있다고 생각합니다."
test_381,"톰은 친환경 제품 회사 관리자이며, 그의 가족은 성공한 사업가들입니다. 그는 그린과 자전거 애호가이며, 실수를 통해 성장합니다."
test_382,"존 데이 형사 부장은 니스든의 보행자 지하도에서 발견된 40대 남성의 죽음을 살인으로 다루고 있다. 사망 원인은 다발성 두부 손상이었다. 존과 데이비드는 지하도 입구 근처에 두 여자와 취한 남자가 있었을 수 있으며, 그들이 그 방향으로 걷는 것을 보았거나, 그를 따라가는 공격자를 보았을 수도 있다고 추측했다."
test_383,"셰리는 내년 여름에 퀘벡을 방문할 예정이며, 셰리의 친구 결혼식에 참석하기 위해 몬트리올에서 5일간 머물 예정이다. 방문 전 프랑스어 연습을 권장한다."
test_384,"제인은 금요일에 논문 마감이 있어 수영을 제안한다. 톰은 늦게까지 머물고, 제인은 먼저 집에 가서 저녁 식사를 함께 한다."
test_385,  #와은 의사의 처방대로 하루에 세 번 약을 복용해야 할 것 같다.                                            
test_386,  프레드는 인터넷에서 새 컴퓨터를 샀는데 할부를 내야 해서 그에게 200 위안을 빌리려고 한다.                                        
test_387,  #와는 글씨를 개선하기 위해 몇 주 동안 연습했지만 여전히 나아지지 않고 있다. #나는 #나를 위해 인내심을 가지라고 조언한다.                               
test_388,  #와는 #가 속눈썹을 집는 것을 무서워한다. #는 동의한다.                                          
test_389,"운전 수업은 여름에 주말에만 진행되며, 매주 토요일과 일요일 아침 8시에 시작됩니다. 코치는 우수한 코치들을 보유하고 있습니다."
test_390,"  티나는 피아노를 8년 동안 배웠다. 아버지가 영국 출신의 선생님을 찾아주셨고, 그녀의 선생님은 훌륭하시고 많은 상을 받았다.                                 "
test_391,"저자는 면접에서 약점이 될 수 있는 것에 대해 질문을 받습니다. 그는 많은 경력과 안정적인 소득을 가진 결혼한 상태이지만, 배우는 과정의 일부는 #와 잘 맞는지 아닌지를 알아내려는 것이라고 말합니다."
test_392,"스테파니는 수면 부족으로 피곤해하며 의사 방문을 제안하고, 젠킨스 선생님께 금요일 아침 보고서 제출을 요청한다."
test_393,크리스마스 파티 초대 및 뉴욕 여행 결정
test_394,  밥은 지난 주말에 댄스를 즐겼다.                                                   
test_395,"보스턴은 일자리 없이 50달러를 빌릴 수 있지만, 그녀는 일자리를 찾지 못하고 있다. 보스턴은 그에게 일자리를 찾는 것을 제안한다."
test_396,"식당에서 재킷과 넥타이 착용을 요구하여 식당으로 돌아가야 하며, 세탁가는 회의 시간을 9시 30분으로 연기했습니다."
test_397,"아이들의 첫 캠프 경험은 여행, 홀리로드, 성 방문, 가이드 투어, 바베큐 파티로 구성되었습니다."
test_398,"  딸은 대학 입학 요건에 대해 물어본 적이 없고, 컴퓨터 전공자로서 컴퓨터 프로그래밍 쪽으로 진출하려고 생각하고 있다.                                      "
test_399,  칼리나가 클라크 교수에게 전화를 걸어 칼리안의 아침 문학 수업에 오지 않을 것이라고 말한다. 칼리는 이번 주만 쉬라고 조언한다.                               
test_400,세입자 지원 센터는 집주인과의 합의 지연과 수리 비용 문제로 세입자가 불만을 제기하고 있습니다.
test_401,  B씨는 씨가 어떤 종류의 L / C를 수령하기 위해 사유리 베드에서 와야 합니다. B 씨는 서명하고 양식을 작성해야 합니다.                                 
test_402,"미르달은 찰리에게 찰리의 지갑이 사라지지 않았다고 말하며, 찰리는 집을 나설 때와 핫도그를 사러 갈 때도 지갑을 가지고 있었다고 한다."
test_403,  번갈아서 설거지를 하기로 합의했다.                                                    
test_404,  #와와 #D는 서로를 사랑하지 않는 관계로 인해 서로에게 불평하고 있다.                                          
test_405,  청와대는 실업과 실업이 사회 문제를 일으키는 것이라고 생각하고 있다.                                                  
test_406,"  파티에 참석하기 위해 복장을 구해야 하는 이유는 파티를 주최하는 사람이 누구인지, 카우걸은 어디서 구할 수 있는지 모르기 때문이다.                              "
test_407,  디스코 댄스를 추러 가자고 제안하자 #와 #는 춤추러 가는 것을 제안한다.                                        
test_408,농장 운영은 현재 직업과 달라서 농부가 되기 전 농장에서 벗어나고 싶어한다.
test_409,  헤이 맨은 탭에 하이네켄과 버드와이저가 있는 테이블 6번을 추천한다.                                       
test_410,"메리와 앤은 남자친구 문제로 다투고, 메리는 나중에 전화해서 화해하자고 제안한다."
test_411,  #와스타는 #스타의 도움으로 담배를 사고 기념품도 구입할 수 있습니다.                                           
test_412,"캐서린은 '패스트 푸드 네이션'을 보고, 톰은 패스트푸드가 편리함을 추구하는 라이프스타일이며, 건강에 대한 고려 없이 건강한 메뉴를 제공한다고 말한다."
test_413,  버스는 그린위치 빌리지까지 피프스 애비뉴를 따라 가는데 버스가 워싱턴 스퀘어 파크로 가는 올바른 버스라고 생각하므로 탑승하라고 조언한다.                         
test_414,"버마는 9-11 테러 당시 베이징 아파트에 있었으며, 대중교통 중단으로 많은 사람들이 걸어서 귀가하고 월드 트레이드 센터 직원이 생존했다."
test_415,"  척 존스와 칼은 이웃이 된다. 척은 더 평화로운 공동체에서 살고 싶었고, 시카고에서는 그렇지 못하기 때문에 이사를 왔다.                                "
test_416,"감사인들은 삶은 계란, 토스트, 그리고 오렌지 주스를 준비할 것입니다."
test_417,  스티븐이 피곤해서 잠들기 전에 가계 예산을 살펴봐야 한다.                                                                   
test_418,  제인은 다음 주 월요일 오후 세 시쯤 만나자고 합니다.                                                                    
test_419,"#나와트는 여자친구 선물로 진주 귀걸이와 하트 펜던트를 고려 중이며, #PGN는 약혼 반지를 추천합니다."
test_420,"포드 핀토 구매 고려 중. 포드 포커스는 가볍고 강력한 차량으로, 갤런당 40마일의 고속도로 연비를 제공하며, 2.5리터 터보차저 엔진을 탑재하고 있습니다."
test_421,"발람씨는 컴퓨터 엔지니어 직위를 제안하며, 월급은 월 4,000 위안입니다."
test_422,"#와드리카는 네트워크 결제 서비스 가입을 권하며, #드라카이는 내부 계정 혼란으로 가입을 제안합니다."
test_423,"배고파타임은 저녁 간식으로 샌드위치를 먹으러 가기로 했지만, 종류를 결정하지 못했다."
test_424,  의사가 #혈구 수치를 확인하기 위해 피를 뽑는다.                                                                    
test_425,스티븐은 정전 발생 후 지하 회로 상자를 찾기로 결정했습니다.
test_426,파울라는 코너스 씨와의 집 임대 문제를 해결하기 위해 도움을 요청한다.
test_427,"댄은 화장실 변기 수리를 요청하고, 프랭크는 주차장 침수를 보고한다."
test_428,"#D가 #PD의 구직 여부를 묻고, #FC는 #C에게 대출금 상환을 위해 어떤 일이든 받아들일 것이라고 말한다."
test_429,#는 #에게 #의 분석력과 의사결정 능력을 높이 평가합니다.
test_430,  탕 씨는 서류나 자격증을 가지고 왔다.                                                                        
test_431,"#와 씨가 #가 순금 시계를 보여주며, #는 가격이 매우 적당하다고 생각합니다."
test_432,"톰은 딸 마리아의 고열로 사라씨에게 도움을 요청했고, 사라씨는 아직 저녁을 다 먹지 않았지만 아들 켄을 돌봐주기로 했다."
test_433,  에이미는 영업 부서의 직위에 지원하고 싶어서 그만뒀다.                                                                    
test_434,"앤드류뷰티는 크리스마스 이후 체중 증가를 인지하고, #와푸 다이어트를 시도한다. #는 #가 살을 빼고 싶다면 #를 먹어야 한다고 제안하며, #을 먹으러 가자고 제안한다."
test_435,브라운 대학의 그렉 손더스씨가 메리에게 성적 평균과 대학 스포츠 정보를 문의한다.
test_436,  #  문화가 기차역으로 가기 위해 택시를 타고 있다.                                                                     
test_437,브라이언은 영어를 못하며 캘리포니아에 가본 적 없다고 주장함.
test_438,"새로운 건강보험 가입을 위해 건강검진을 받으러 왔으며, 숨쉬기 어려움으로 인해 혈액 검사 및 콜레스테롤, 혈당 검사를 진행할 예정입니다."
test_439,"즈는 복권 당첨 후 세계 일주를 계획하며, 현실적인 문제에 대해 이야기한다."
test_440,"35세 싱글인 는 결혼 준비 부족에 지쳐, 에이미를 떠나기 위해 이성을 되찾아야 한다고 생각한다."
test_441,# OP는 이전 명함 인쇄 및 일주일 후 수령 양식을 작성합니다.
test_442,브라이언리는 체크인 후 회의 시작 전 프로그램 준비 예정
test_443,"폴은 부모님이 핀란드에 가신다는 소식에 혼자 보내야 할까봐 걱정했지만, 추수감사절 저녁 식사에 참석하기 위해 파티에 참석하기로 결정했다."
test_444,"존은 이번 주말에 사촌을 돌볼 예정이며, 출근 전 11시에 그녀를 수잔의 집에 데려다 줄 계획이다."
test_445,"벤은 신청한 저녁 수업이 비싸다고 판단, 초보자용 웹 디자인 $400을 제안하고 내일 전화로 자리 확인 예정."
test_446,"# OPOP는 피자 체험을 제안, 브리짓은 채식, 킹피셔는 생선, 캐롯츠는 제외."
test_447,"진은 가게에서 운전 면허 시험을 보고, 합격 시 2016년형 혼다 어코드를 구매할 계획입니다."
test_448,  # ID는 펜을 보고 싶어합니다. #OPOP는 #D가 부드럽다고 생각하여 카드를 선택합니다.                                     
test_449,  회사의 기금 모금 행사는 잘 진행되었고 암 연구에 기여할 수 있는 많은 돈을 모금할 수 있었다.                                           
test_450,"  # ID는 #퀸스 로드를 따라 가고, #브로드웨이를 지나고 #브리브리브웨이의 대성당을 지나서 피크 트램으로 가는 방법을 알려줍니다.                      "
test_451,  샌들우드 부채와 작은 것 두 개와 큰 것 하나를 살 예정이다.                                              
test_452,"회사의 관가에 큰 영향을 미치는 외부 요인은 인적 자원, 팀워크, 혁신 정신, 부서 간 조정입니다."
test_453,  # OP는 이 주제를 다루기 위해 오늘 오후 2시에 준비 회의를 시작할 예정입니다.                                            
test_454,  강을 따라가는 하루짜리 짧은 투어를 추천합니다.                                                   
test_455,"  소고기 버거, 프렌치 프라이, 밀크 쉐이크, 딸기, 초콜릿, 바나나 맛이 있습니다.                                    "
test_456,등 축제에서 등에 적힌 퍼즐을 푸는 전통과 거대한 등에 대해 이야기합니다.
test_457,  티나는 ABC 컴퍼니와의 첫 두 라운드 면접에 성공적으로 통과했다. 그녀는 파티를 위해 파티에 참석할 예정이다.                                   
test_458,  팀은 카렌과 헤어지고 싶어한다.                                                      
test_459,"엘리베이터드는 부서 회의 준비를 위해 줄리에게 사본 제작을 요청하고, 사무실에서 일하는 것을 즐깁니다."
test_460,  # OP는 목욕을 하려고 하는데 버튼이 너무 많아서 어떻게 사용하는지 설명서를 읽었습니다.                                         
test_461,  # 스타는 기차에서 시간을 보내기 위한 책에 대해 조언을 구합니다.                                            
test_462,"75세 친구에게 읽기를 가르치기로 결정, 그를 좋아하게 될 것임을 암시."
test_463,  # ID는 티켓 예약 양식을 가져와서 작성해야 합니다.                                               
test_464,"가게 # #와 #는 오늘 저녁 식사를 함께 만들기로 한다. 가게는 냉동 피자를 오븐에 넣고, #은 #에게 매운 치킨 커리 레시피를 보여준다. #는 #에게 채소를 씻고 잘게 썰어야 한다고 조언한다."
test_465,"IC 전화는 IC 카드 슬롯에 카드를 넣고, 다이얼 신호를 기다린 후 번호를 눌러 통화합니다."
test_467,  톰은 돈이 부족해서 중고 컴퓨터를 사기 위해 중고 물품을 사려고 한다.                                              
test_468,모건은 중국 식당에서 남은 음식을 포장하는 것이 흔하지 않아 집으로 가져갈 수 있다고 말한다.
test_469,"해리는 중국의 거리 시장에서 쇼핑을 피하고, 흥정을 거래의 필수 요소로 간주하며, 미리 가격을 알아두는 것을 조언합니다."
test_470,"  # 
는 영어 교육에 대해 이야기합니다.                                                    "
test_471,"체크카드드는 새로운 계좌 개설을 원하며, ATM 카드 포함과 1% 이자 혜택을 강조합니다."
test_472,  # ID는 더 많이 구매하면 더 많은 특별 할인 쿠폰을 받을 수 있고 유효기간 내에 사용할 수 있다고 말했다.                                     
test_473,  로빈슨 부인이 스티브에게 쟈니의 부엌 청소를 도와준다.                                            
test_474,"스미스언이 기차 표를 잃어버려, 스미스가 대신 표를 사야 하지만 정보가 없어 상하이행 표를 구매. 약속을 지키지 못하면 베이징행 비행기 구매가 어려울 수 있음."
test_475,"앤은 다음 주 뉴욕 여행 중 항공 웰빙 프로그램을 제안하며, 비행 중 운동이 광천수보다 인기가 있었다고 조언한다."
test_476,  톰은 메리에게 존의 파티에 가자고 제안하지만 메리는 일자리를 찾지 못했다. 그녀는 아버지가 그에게 전화할 수 있다고 말한다.                                  
test_477,해리는 끔찍한 경험을 했음에도 불구하고 차 번호를 기억하고 경찰에 신고하여 처벌을 요구한다.
test_478,"'비즈니스 월드'에서 스티븐 케인씨는 자신만의 상점을 운영하며, 부진한 사업 시 일찍 퇴근할 수 있습니다."
test_479,   인들은 중년의 가장자리 부분인 중년 부부의 결혼에 대해 오후 내내 다툴 예정입니다.                                        
test_480,"완벽한 디저트 선택에 고민 중, 초콜릿 무스 케이크, 딸기 쇼트케이크, 매콤한 럼주 사과 크리스프 추천."
test_481,"블랙은 침대 사용 방법을 결정하기 위해 동전을 던지기로 제안한다. 그는 침대 옆 바닥에 스피커를 놓고, 창가 옆의 책상을 선호한다."
test_482,"  도서관 카드를 발급받고 싶다면 신청서를 작성하는 것을 도와줍니다.   

트는 도서관의 규정과 벌금에 대해 알고 있습니다.                               "
test_483,"#와와 #라는 9-5 직장인, 초과근무 수당, 보너스, 점심 휴식 시간, 칸막이 사무실 근무."
test_484,"  실례입니다. 그는 기계를 어떻게 사용해야 하는지 모르고, 기계가 비누를 어떻게 헹궈야 하는지 모른다고 생각합니다. ### # #                            "
test_485,"   
는 바빴고 오늘 밤에 전화할 예정이다.                                               "
test_486,"  케이티는는 항상 일할 준비가 되어 있고, 고객이 없을 때 항상 멍하니 서 있다고 말했다.                                           "
test_487,"할아버지 생일 파티 준비 중, 목요일에 피자, 케이크, 샐러드, 책 준비 예정"
test_488,지안 루카 도나텔리는 기자로서 인터넷 서비스 제공업체에 대한 기사를 조사하기 위해 회의에 참석했습니다.
test_489,캐시는 17년에 한 번씩 나타나는 새들의 울음소리 때문에 시골이 시끄럽다고 생각한다.
test_490,  거스름돈은 주문을 도와드릴 사람을 위해 칠면조 샌드위치와 치즈를 넣을 수 있는 스프나 샐러드 그리고 중간 사이즈 음료를 주문합니다.                      
test_491,  제임스는 기차를 타기 위해 짐과 재킷을 싸놨다. 그는 사진을 찍고 싶어서 재킷과 카메라를 가방에 넣었다. 그는 쿠키를 가져갈 것이다.                           
test_492,"테드는 부모님 집에서 휴가를 보낼 예정이며, 그녀의 남편은 중국에서 몇 주를 보낼 예정이다."
test_493,"  헬렌 아주머니는 항상 그녀를 영화관에 데려가고, 노인을 위한 나라는 없습니다. #  

민주는 영화를 보고 나서 맥도날드에 갈 예정입니다.                         "
test_494,   ID는 어제 밤에 제 모든 가구를 도둑들이 훔쳐갔기 때문에 화가 나 있습니다.                                        
test_495,"찰리는 아빠를 데리러 가야하지만, 잭은 찰리에게 2시간 동안 자신의 캐릭터를 만드는 게임을 제안한다."
test_496,  # 와 #ID는 컨트리 음악의 라디오 프로그램에 대해 이야기한다.                                            
test_497,"  앨리스는 세탁기, 건조기, 그리고 비누를 사용하는 기계를 사용하지만 너무 많은 거품이 먼지를 가둬서 세균이 쌓이게 된다고 설명한다.                            "
test_498,"스티브는 계약 만료로 갱신 거부, 다우 부인은 딸과 함께 살며 방문 희망."
test_499,  프랭크는 승진하고 친구들 모두를 위한 큰 파티를 열려고 계획 중이다. 벳시는 파티에 참석하고 싶지만 파티는 토요일에 열릴 예정이다.                           
